Name,Type 1,Type 2,Total,HP,Attack,Defense,Sp. Atk,Sp. Def,Speed,Generation,Legendary
Bulbasaur,Grass,Poison,318,45,49,49,65,65,45,G1,FALSO
Ivysaur,Grass,Poison,405,60,62,63,80,80,60,G1,FALSO
Venusaur,Grass,Poison,525,80,82,83,100,100,80,G1,FALSO
VenusaurMega Venusaur,Grass,Poison,625,80,100,123,122,120,80,G1,FALSO
Charmander,Fire,,309,39,52,43,60,50,65,G1,FALSO
Charmeleon,Fire,,405,58,64,58,80,65,80,G1,FALSO
Charizard,Fire,Flying,534,78,84,78,109,85,100,G1,FALSO
CharizardMega Charizard X,Fire,Dragon,634,78,130,111,130,85,100,G1,FALSO
CharizardMega Charizard Y,Fire,Flying,634,78,104,78,159,115,100,G1,FALSO
Squirtle,Water,,314,44,48,65,50,64,43,G1,FALSO
Wartortle,Water,,405,59,63,80,65,80,58,G1,FALSO
Blastoise,Water,,530,79,83,100,85,105,78,G1,FALSO
BlastoiseMega Blastoise,Water,,630,79,103,120,135,115,78,G1,FALSO
Caterpie,Bug,,195,45,30,35,20,20,45,G1,FALSO
Metapod,Bug,,205,50,20,55,25,25,30,G1,FALSO
Butterfree,Bug,Flying,395,60,45,50,90,80,70,G1,FALSO
Weedle,Bug,Poison,195,40,35,30,20,20,50,G1,FALSO
Kakuna,Bug,Poison,205,45,25,50,25,25,35,G1,FALSO
Beedrill,Bug,Poison,395,65,90,40,45,80,75,G1,FALSO
BeedrillMega Beedrill,Bug,Poison,495,65,150,40,15,80,145,G1,FALSO
Pidgey,Normal,Flying,251,40,45,40,35,35,56,G1,FALSO
Pidgeotto,Normal,Flying,349,63,60,55,50,50,71,G1,FALSO
Pidgeot,Normal,Flying,479,83,80,75,70,70,101,G1,FALSO
PidgeotMega Pidgeot,Normal,Flying,579,83,80,80,135,80,121,G1,FALSO
Rattata,Normal,,253,30,56,35,25,35,72,G1,FALSO
Raticate,Normal,,413,55,81,60,50,70,97,G1,FALSO
Spearow,Normal,Flying,262,40,60,30,31,31,70,G1,FALSO
Fearow,Normal,Flying,442,65,90,65,61,61,100,G1,FALSO
Ekans,Poison,,288,35,60,44,40,54,55,G1,FALSO
Arbok,Poison,,438,60,85,69,65,79,80,G1,FALSO
Pikachu,Electric,,320,35,55,40,50,50,90,G1,FALSO
Raichu,Electric,,485,60,90,55,90,80,110,G1,FALSO
Sandshrew,Ground,,300,50,75,85,20,30,40,G1,FALSO
Sandslash,Ground,,450,75,100,110,45,55,65,G1,FALSO
Nidoran♀,Poison,,275,55,47,52,40,40,41,G1,FALSO
Nidorina,Poison,,365,70,62,67,55,55,56,G1,FALSO
Nidoqueen,Poison,Ground,505,90,92,87,75,85,76,G1,FALSO
Nidoran♂,Poison,,273,46,57,40,40,40,50,G1,FALSO
Nidorino,Poison,,365,61,72,57,55,55,65,G1,FALSO
Nidoking,Poison,Ground,505,81,102,77,85,75,85,G1,FALSO
Clefairy,Fairy,,323,70,45,48,60,65,35,G1,FALSO
Clefable,Fairy,,483,95,70,73,95,90,60,G1,FALSO
Vulpix,Fire,,299,38,41,40,50,65,65,G1,FALSO
Ninetales,Fire,,505,73,76,75,81,100,100,G1,FALSO
Jigglypuff,Normal,Fairy,270,115,45,20,45,25,20,G1,FALSO
Wigglytuff,Normal,Fairy,435,140,70,45,85,50,45,G1,FALSO
Zubat,Poison,Flying,245,40,45,35,30,40,55,G1,FALSO
Golbat,Poison,Flying,455,75,80,70,65,75,90,G1,FALSO
Oddish,Grass,Poison,320,45,50,55,75,65,30,G1,FALSO
Gloom,Grass,Poison,395,60,65,70,85,75,40,G1,FALSO
Vileplume,Grass,Poison,490,75,80,85,110,90,50,G1,FALSO
Paras,Bug,Grass,285,35,70,55,45,55,25,G1,FALSO
Parasect,Bug,Grass,405,60,95,80,60,80,30,G1,FALSO
Venonat,Bug,Poison,305,60,55,50,40,55,45,G1,FALSO
Venomoth,Bug,Poison,450,70,65,60,90,75,90,G1,FALSO
Diglett,Ground,,265,10,55,25,35,45,95,G1,FALSO
Dugtrio,Ground,,405,35,80,50,50,70,120,G1,FALSO
Meowth,Normal,,290,40,45,35,40,40,90,G1,FALSO
Persian,Normal,,440,65,70,60,65,65,115,G1,FALSO
Psyduck,Water,,320,50,52,48,65,50,55,G1,FALSO
Golduck,Water,,500,80,82,78,95,80,85,G1,FALSO
Mankey,Fighting,,305,40,80,35,35,45,70,G1,FALSO
Primeape,Fighting,,455,65,105,60,60,70,95,G1,FALSO
Growlithe,Fire,,350,55,70,45,70,50,60,G1,FALSO
Arcanine,Fire,,555,90,110,80,100,80,95,G1,FALSO
Poliwag,Water,,300,40,50,40,40,40,90,G1,FALSO
Poliwhirl,Water,,385,65,65,65,50,50,90,G1,FALSO
Poliwrath,Water,Fighting,510,90,95,95,70,90,70,G1,FALSO
Abra,Psychic,,310,25,20,15,105,55,90,G1,FALSO
Kadabra,Psychic,,400,40,35,30,120,70,105,G1,FALSO
Alakazam,Psychic,,500,55,50,45,135,95,120,G1,FALSO
AlakazamMega Alakazam,Psychic,,590,55,50,65,175,95,150,G1,FALSO
Machop,Fighting,,305,70,80,50,35,35,35,G1,FALSO
Machoke,Fighting,,405,80,100,70,50,60,45,G1,FALSO
Machamp,Fighting,,505,90,130,80,65,85,55,G1,FALSO
Bellsprout,Grass,Poison,300,50,75,35,70,30,40,G1,FALSO
Weepinbell,Grass,Poison,390,65,90,50,85,45,55,G1,FALSO
Victreebel,Grass,Poison,490,80,105,65,100,70,70,G1,FALSO
Tentacool,Water,Poison,335,40,40,35,50,100,70,G1,FALSO
Tentacruel,Water,Poison,515,80,70,65,80,120,100,G1,FALSO
Geodude,Rock,Ground,300,40,80,100,30,30,20,G1,FALSO
Graveler,Rock,Ground,390,55,95,115,45,45,35,G1,FALSO
Golem,Rock,Ground,495,80,120,130,55,65,45,G1,FALSO
Ponyta,Fire,,410,50,85,55,65,65,90,G1,FALSO
Rapidash,Fire,,500,65,100,70,80,80,105,G1,FALSO
Slowpoke,Water,Psychic,315,90,65,65,40,40,15,G1,FALSO
Slowbro,Water,Psychic,490,95,75,110,100,80,30,G1,FALSO
SlowbroMega Slowbro,Water,Psychic,590,95,75,180,130,80,30,G1,FALSO
Magnemite,Electric,Steel,325,25,35,70,95,55,45,G1,FALSO
Magneton,Electric,Steel,465,50,60,95,120,70,70,G1,FALSO
Farfetch,Normal,Flying,352,52,65,55,58,62,60,G1,FALSO
Doduo,Normal,Flying,310,35,85,45,35,35,75,G1,FALSO
Dodrio,Normal,Flying,460,60,110,70,60,60,100,G1,FALSO
Seel,Water,,325,65,45,55,45,70,45,G1,FALSO
Dewgong,Water,Ice,475,90,70,80,70,95,70,G1,FALSO
Grimer,Poison,,325,80,80,50,40,50,25,G1,FALSO
Muk,Poison,,500,105,105,75,65,100,50,G1,FALSO
Shellder,Water,,305,30,65,100,45,25,40,G1,FALSO
Cloyster,Water,Ice,525,50,95,180,85,45,70,G1,FALSO
Gastly,Ghost,Poison,310,30,35,30,100,35,80,G1,FALSO
Haunter,Ghost,Poison,405,45,50,45,115,55,95,G1,FALSO
Gengar,Ghost,Poison,500,60,65,60,130,75,110,G1,FALSO
GengarMega Gengar,Ghost,Poison,600,60,65,80,170,95,130,G1,FALSO
Onix,Rock,Ground,385,35,45,160,30,45,70,G1,FALSO
Drowzee,Psychic,,328,60,48,45,43,90,42,G1,FALSO
Hypno,Psychic,,483,85,73,70,73,115,67,G1,FALSO
Krabby,Water,,325,30,105,90,25,25,50,G1,FALSO
Kingler,Water,,475,55,130,115,50,50,75,G1,FALSO
Voltorb,Electric,,330,40,30,50,55,55,100,G1,FALSO
Electrode,Electric,,480,60,50,70,80,80,140,G1,FALSO
Exeggcute,Grass,Psychic,325,60,40,80,60,45,40,G1,FALSO
Exeggutor,Grass,Psychic,520,95,95,85,125,65,55,G1,FALSO
Cubone,Ground,,320,50,50,95,40,50,35,G1,FALSO
Marowak,Ground,,425,60,80,110,50,80,45,G1,FALSO
Hitmonlee,Fighting,,455,50,120,53,35,110,87,G1,FALSO
Hitmonchan,Fighting,,455,50,105,79,35,110,76,G1,FALSO
Lickitung,Normal,,385,90,55,75,60,75,30,G1,FALSO
Koffing,Poison,,340,40,65,95,60,45,35,G1,FALSO
Weezing,Poison,,490,65,90,120,85,70,60,G1,FALSO
Rhyhorn,Ground,Rock,345,80,85,95,30,30,25,G1,FALSO
Rhydon,Ground,Rock,485,105,130,120,45,45,40,G1,FALSO
Chansey,Normal,,450,250,5,5,35,105,50,G1,FALSO
Tangela,Grass,,435,65,55,115,100,40,60,G1,FALSO
Kangaskhan,Normal,,490,105,95,80,40,80,90,G1,FALSO
KangaskhanMega Kangaskhan,Normal,,590,105,125,100,60,100,100,G1,FALSO
Horsea,Water,,295,30,40,70,70,25,60,G1,FALSO
Seadra,Water,,440,55,65,95,95,45,85,G1,FALSO
Goldeen,Water,,320,45,67,60,35,50,63,G1,FALSO
Seaking,Water,,450,80,92,65,65,80,68,G1,FALSO
Staryu,Water,,340,30,45,55,70,55,85,G1,FALSO
Starmie,Water,Psychic,520,60,75,85,100,85,115,G1,FALSO
Mr. Mime,Psychic,Fairy,460,40,45,65,100,120,90,G1,FALSO
Scyther,Bug,Flying,500,70,110,80,55,80,105,G1,FALSO
Jynx,Ice,Psychic,455,65,50,35,115,95,95,G1,FALSO
Electabuzz,Electric,,490,65,83,57,95,85,105,G1,FALSO
Magmar,Fire,,495,65,95,57,100,85,93,G1,FALSO
Pinsir,Bug,,500,65,125,100,55,70,85,G1,FALSO
PinsirMega Pinsir,Bug,Flying,600,65,155,120,65,90,105,G1,FALSO
Tauros,Normal,,490,75,100,95,40,70,110,G1,FALSO
Magikarp,Water,,200,20,10,55,15,20,80,G1,FALSO
Gyarados,Water,Flying,540,95,125,79,60,100,81,G1,FALSO
GyaradosMega Gyarados,Water,Dark,640,95,155,109,70,130,81,G1,FALSO
Lapras,Water,Ice,535,130,85,80,85,95,60,G1,FALSO
Ditto,Normal,,288,48,48,48,48,48,48,G1,FALSO
Eevee,Normal,,325,55,55,50,45,65,55,G1,FALSO
Vaporeon,Water,,525,130,65,60,110,95,65,G1,FALSO
Jolteon,Electric,,525,65,65,60,110,95,130,G1,FALSO
Flareon,Fire,,525,65,130,60,95,110,65,G1,FALSO
Porygon,Normal,,395,65,60,70,85,75,40,G1,FALSO
Omanyte,Rock,Water,355,35,40,100,90,55,35,G1,FALSO
Omastar,Rock,Water,495,70,60,125,115,70,55,G1,FALSO
Kabuto,Rock,Water,355,30,80,90,55,45,55,G1,FALSO
Kabutops,Rock,Water,495,60,115,105,65,70,80,G1,FALSO
Aerodactyl,Rock,Flying,515,80,105,65,60,75,130,G1,FALSO
AerodactylMega Aerodactyl,Rock,Flying,615,80,135,85,70,95,150,G1,FALSO
Snorlax,Normal,,540,160,110,65,65,110,30,G1,FALSO
Articuno,Ice,Flying,580,90,85,100,95,125,85,G1,VERDADERO
Zapdos,Electric,Flying,580,90,90,85,125,90,100,G1,VERDADERO
Moltres,Fire,Flying,580,90,100,90,125,85,90,G1,VERDADERO
Dratini,Dragon,,300,41,64,45,50,50,50,G1,FALSO
Dragonair,Dragon,,420,61,84,65,70,70,70,G1,FALSO
Dragonite,Dragon,Flying,600,91,134,95,100,100,80,G1,FALSO
Mewtwo,Psychic,,680,106,110,90,154,90,130,G1,VERDADERO
MewtwoMega Mewtwo X,Psychic,Fighting,780,106,190,100,154,100,130,G1,VERDADERO
MewtwoMega Mewtwo Y,Psychic,,780,106,150,70,194,120,140,G1,VERDADERO
Mew,Psychic,,600,100,100,100,100,100,100,G1,FALSO
Chikorita,Grass,,318,45,49,65,49,65,45,G2,FALSO
Bayleef,Grass,,405,60,62,80,63,80,60,G2,FALSO
Meganium,Grass,,525,80,82,100,83,100,80,G2,FALSO
Cyndaquil,Fire,,309,39,52,43,60,50,65,G2,FALSO
Quilava,Fire,,405,58,64,58,80,65,80,G2,FALSO
Typhlosion,Fire,,534,78,84,78,109,85,100,G2,FALSO
Totodile,Water,,314,50,65,64,44,48,43,G2,FALSO
Croconaw,Water,,405,65,80,80,59,63,58,G2,FALSO
Feraligatr,Water,,530,85,105,100,79,83,78,G2,FALSO
Sentret,Normal,,215,35,46,34,35,45,20,G2,FALSO
Furret,Normal,,415,85,76,64,45,55,90,G2,FALSO
Hoothoot,Normal,Flying,262,60,30,30,36,56,50,G2,FALSO
Noctowl,Normal,Flying,442,100,50,50,76,96,70,G2,FALSO
Ledyba,Bug,Flying,265,40,20,30,40,80,55,G2,FALSO
Ledian,Bug,Flying,390,55,35,50,55,110,85,G2,FALSO
Spinarak,Bug,Poison,250,40,60,40,40,40,30,G2,FALSO
Ariados,Bug,Poison,390,70,90,70,60,60,40,G2,FALSO
Crobat,Poison,Flying,535,85,90,80,70,80,130,G2,FALSO
Chinchou,Water,Electric,330,75,38,38,56,56,67,G2,FALSO
Lanturn,Water,Electric,460,125,58,58,76,76,67,G2,FALSO
Pichu,Electric,,205,20,40,15,35,35,60,G2,FALSO
Cleffa,Fairy,,218,50,25,28,45,55,15,G2,FALSO
Igglybuff,Normal,Fairy,210,90,30,15,40,20,15,G2,FALSO
Togepi,Fairy,,245,35,20,65,40,65,20,G2,FALSO
Togetic,Fairy,Flying,405,55,40,85,80,105,40,G2,FALSO
Natu,Psychic,Flying,320,40,50,45,70,45,70,G2,FALSO
Xatu,Psychic,Flying,470,65,75,70,95,70,95,G2,FALSO
Mareep,Electric,,280,55,40,40,65,45,35,G2,FALSO
Flaaffy,Electric,,365,70,55,55,80,60,45,G2,FALSO
Ampharos,Electric,,510,90,75,85,115,90,55,G2,FALSO
AmpharosMega Ampharos,Electric,Dragon,610,90,95,105,165,110,45,G2,FALSO
Bellossom,Grass,,490,75,80,95,90,100,50,G2,FALSO
Marill,Water,Fairy,250,70,20,50,20,50,40,G2,FALSO
Azumarill,Water,Fairy,420,100,50,80,60,80,50,G2,FALSO
Sudowoodo,Rock,,410,70,100,115,30,65,30,G2,FALSO
Politoed,Water,,500,90,75,75,90,100,70,G2,FALSO
Hoppip,Grass,Flying,250,35,35,40,35,55,50,G2,FALSO
Skiploom,Grass,Flying,340,55,45,50,45,65,80,G2,FALSO
Jumpluff,Grass,Flying,460,75,55,70,55,95,110,G2,FALSO
Aipom,Normal,,360,55,70,55,40,55,85,G2,FALSO
Sunkern,Grass,,180,30,30,30,30,30,30,G2,FALSO
Sunflora,Grass,,425,75,75,55,105,85,30,G2,FALSO
Yanma,Bug,Flying,390,65,65,45,75,45,95,G2,FALSO
Wooper,Water,Ground,210,55,45,45,25,25,15,G2,FALSO
Quagsire,Water,Ground,430,95,85,85,65,65,35,G2,FALSO
Espeon,Psychic,,525,65,65,60,130,95,110,G2,FALSO
Umbreon,Dark,,525,95,65,110,60,130,65,G2,FALSO
Murkrow,Dark,Flying,405,60,85,42,85,42,91,G2,FALSO
Slowking,Water,Psychic,490,95,75,80,100,110,30,G2,FALSO
Misdreavus,Ghost,,435,60,60,60,85,85,85,G2,FALSO
Unown,Psychic,,336,48,72,48,72,48,48,G2,FALSO
Wobbuffet,Psychic,,405,190,33,58,33,58,33,G2,FALSO
Girafarig,Normal,Psychic,455,70,80,65,90,65,85,G2,FALSO
Pineco,Bug,,290,50,65,90,35,35,15,G2,FALSO
Forretress,Bug,Steel,465,75,90,140,60,60,40,G2,FALSO
Dunsparce,Normal,,415,100,70,70,65,65,45,G2,FALSO
Gligar,Ground,Flying,430,65,75,105,35,65,85,G2,FALSO
Steelix,Steel,Ground,510,75,85,200,55,65,30,G2,FALSO
SteelixMega Steelix,Steel,Ground,610,75,125,230,55,95,30,G2,FALSO
Snubbull,Fairy,,300,60,80,50,40,40,30,G2,FALSO
Granbull,Fairy,,450,90,120,75,60,60,45,G2,FALSO
Qwilfish,Water,Poison,430,65,95,75,55,55,85,G2,FALSO
Scizor,Bug,Steel,500,70,130,100,55,80,65,G2,FALSO
ScizorMega Scizor,Bug,Steel,600,70,150,140,65,100,75,G2,FALSO
Shuckle,Bug,Rock,505,20,10,230,10,230,5,G2,FALSO
Heracross,Bug,Fighting,500,80,125,75,40,95,85,G2,FALSO
HeracrossMega Heracross,Bug,Fighting,600,80,185,115,40,105,75,G2,FALSO
Sneasel,Dark,Ice,430,55,95,55,35,75,115,G2,FALSO
Teddiursa,Normal,,330,60,80,50,50,50,40,G2,FALSO
Ursaring,Normal,,500,90,130,75,75,75,55,G2,FALSO
Slugma,Fire,,250,40,40,40,70,40,20,G2,FALSO
Magcargo,Fire,Rock,410,50,50,120,80,80,30,G2,FALSO
Swinub,Ice,Ground,250,50,50,40,30,30,50,G2,FALSO
Piloswine,Ice,Ground,450,100,100,80,60,60,50,G2,FALSO
Corsola,Water,Rock,380,55,55,85,65,85,35,G2,FALSO
Remoraid,Water,,300,35,65,35,65,35,65,G2,FALSO
Octillery,Water,,480,75,105,75,105,75,45,G2,FALSO
Delibird,Ice,Flying,330,45,55,45,65,45,75,G2,FALSO
Mantine,Water,Flying,465,65,40,70,80,140,70,G2,FALSO
Skarmory,Steel,Flying,465,65,80,140,40,70,70,G2,FALSO
Houndour,Dark,Fire,330,45,60,30,80,50,65,G2,FALSO
Houndoom,Dark,Fire,500,75,90,50,110,80,95,G2,FALSO
HoundoomMega Houndoom,Dark,Fire,600,75,90,90,140,90,115,G2,FALSO
Kingdra,Water,Dragon,540,75,95,95,95,95,85,G2,FALSO
Phanpy,Ground,,330,90,60,60,40,40,40,G2,FALSO
Donphan,Ground,,500,90,120,120,60,60,50,G2,FALSO
Porygon2,Normal,,515,85,80,90,105,95,60,G2,FALSO
Stantler,Normal,,465,73,95,62,85,65,85,G2,FALSO
Smeargle,Normal,,250,55,20,35,20,45,75,G2,FALSO
Tyrogue,Fighting,,210,35,35,35,35,35,35,G2,FALSO
Hitmontop,Fighting,,455,50,95,95,35,110,70,G2,FALSO
Smoochum,Ice,Psychic,305,45,30,15,85,65,65,G2,FALSO
Elekid,Electric,,360,45,63,37,65,55,95,G2,FALSO
Magby,Fire,,365,45,75,37,70,55,83,G2,FALSO
Miltank,Normal,,490,95,80,105,40,70,100,G2,FALSO
Blissey,Normal,,540,255,10,10,75,135,55,G2,FALSO
Raikou,Electric,,580,90,85,75,115,100,115,G2,VERDADERO
Entei,Fire,,580,115,115,85,90,75,100,G2,VERDADERO
Suicune,Water,,580,100,75,115,90,115,85,G2,VERDADERO
Larvitar,Rock,Ground,300,50,64,50,45,50,41,G2,FALSO
Pupitar,Rock,Ground,410,70,84,70,65,70,51,G2,FALSO
Tyranitar,Rock,Dark,600,100,134,110,95,100,61,G2,FALSO
TyranitarMega Tyranitar,Rock,Dark,700,100,164,150,95,120,71,G2,FALSO
Lugia,Psychic,Flying,680,106,90,130,90,154,110,G2,VERDADERO
Ho-oh,Fire,Flying,680,106,130,90,110,154,90,G2,VERDADERO
Celebi,Psychic,Grass,600,100,100,100,100,100,100,G2,FALSO
Treecko,Grass,,310,40,45,35,65,55,70,G3,FALSO
Grovyle,Grass,,405,50,65,45,85,65,95,G3,FALSO
Sceptile,Grass,,530,70,85,65,105,85,120,G3,FALSO
SceptileMega Sceptile,Grass,Dragon,630,70,110,75,145,85,145,G3,FALSO
Torchic,Fire,,310,45,60,40,70,50,45,G3,FALSO
Combusken,Fire,Fighting,405,60,85,60,85,60,55,G3,FALSO
Blaziken,Fire,Fighting,530,80,120,70,110,70,80,G3,FALSO
BlazikenMega Blaziken,Fire,Fighting,630,80,160,80,130,80,100,G3,FALSO
Mudkip,Water,,310,50,70,50,50,50,40,G3,FALSO
Marshtomp,Water,Ground,405,70,85,70,60,70,50,G3,FALSO
Swampert,Water,Ground,535,100,110,90,85,90,60,G3,FALSO
SwampertMega Swampert,Water,Ground,635,100,150,110,95,110,70,G3,FALSO
Poochyena,Dark,,220,35,55,35,30,30,35,G3,FALSO
Mightyena,Dark,,420,70,90,70,60,60,70,G3,FALSO
Zigzagoon,Normal,,240,38,30,41,30,41,60,G3,FALSO
Linoone,Normal,,420,78,70,61,50,61,100,G3,FALSO
Wurmple,Bug,,195,45,45,35,20,30,20,G3,FALSO
Silcoon,Bug,,205,50,35,55,25,25,15,G3,FALSO
Beautifly,Bug,Flying,395,60,70,50,100,50,65,G3,FALSO
Cascoon,Bug,,205,50,35,55,25,25,15,G3,FALSO
Dustox,Bug,Poison,385,60,50,70,50,90,65,G3,FALSO
Lotad,Water,Grass,220,40,30,30,40,50,30,G3,FALSO
Lombre,Water,Grass,340,60,50,50,60,70,50,G3,FALSO
Ludicolo,Water,Grass,480,80,70,70,90,100,70,G3,FALSO
Seedot,Grass,,220,40,40,50,30,30,30,G3,FALSO
Nuzleaf,Grass,Dark,340,70,70,40,60,40,60,G3,FALSO
Shiftry,Grass,Dark,480,90,100,60,90,60,80,G3,FALSO
Taillow,Normal,Flying,270,40,55,30,30,30,85,G3,FALSO
Swellow,Normal,Flying,430,60,85,60,50,50,125,G3,FALSO
Wingull,Water,Flying,270,40,30,30,55,30,85,G3,FALSO
Pelipper,Water,Flying,430,60,50,100,85,70,65,G3,FALSO
Ralts,Psychic,Fairy,198,28,25,25,45,35,40,G3,FALSO
Kirlia,Psychic,Fairy,278,38,35,35,65,55,50,G3,FALSO
Gardevoir,Psychic,Fairy,518,68,65,65,125,115,80,G3,FALSO
GardevoirMega Gardevoir,Psychic,Fairy,618,68,85,65,165,135,100,G3,FALSO
Surskit,Bug,Water,269,40,30,32,50,52,65,G3,FALSO
Masquerain,Bug,Flying,414,70,60,62,80,82,60,G3,FALSO
Shroomish,Grass,,295,60,40,60,40,60,35,G3,FALSO
Breloom,Grass,Fighting,460,60,130,80,60,60,70,G3,FALSO
Slakoth,Normal,,280,60,60,60,35,35,30,G3,FALSO
Vigoroth,Normal,,440,80,80,80,55,55,90,G3,FALSO
Slaking,Normal,,670,150,160,100,95,65,100,G3,FALSO
Nincada,Bug,Ground,266,31,45,90,30,30,40,G3,FALSO
Ninjask,Bug,Flying,456,61,90,45,50,50,160,G3,FALSO
Shedinja,Bug,Ghost,236,1,90,45,30,30,40,G3,FALSO
Whismur,Normal,,240,64,51,23,51,23,28,G3,FALSO
Loudred,Normal,,360,84,71,43,71,43,48,G3,FALSO
Exploud,Normal,,490,104,91,63,91,73,68,G3,FALSO
Makuhita,Fighting,,237,72,60,30,20,30,25,G3,FALSO
Hariyama,Fighting,,474,144,120,60,40,60,50,G3,FALSO
Azurill,Normal,Fairy,190,50,20,40,20,40,20,G3,FALSO
Nosepass,Rock,,375,30,45,135,45,90,30,G3,FALSO
Skitty,Normal,,260,50,45,45,35,35,50,G3,FALSO
Delcatty,Normal,,380,70,65,65,55,55,70,G3,FALSO
Sableye,Dark,Ghost,380,50,75,75,65,65,50,G3,FALSO
SableyeMega Sableye,Dark,Ghost,480,50,85,125,85,115,20,G3,FALSO
Mawile,Steel,Fairy,380,50,85,85,55,55,50,G3,FALSO
MawileMega Mawile,Steel,Fairy,480,50,105,125,55,95,50,G3,FALSO
Aron,Steel,Rock,330,50,70,100,40,40,30,G3,FALSO
Lairon,Steel,Rock,430,60,90,140,50,50,40,G3,FALSO
Aggron,Steel,Rock,530,70,110,180,60,60,50,G3,FALSO
AggronMega Aggron,Steel,,630,70,140,230,60,80,50,G3,FALSO
Meditite,Fighting,Psychic,280,30,40,55,40,55,60,G3,FALSO
Medicham,Fighting,Psychic,410,60,60,75,60,75,80,G3,FALSO
MedichamMega Medicham,Fighting,Psychic,510,60,100,85,80,85,100,G3,FALSO
Electrike,Electric,,295,40,45,40,65,40,65,G3,FALSO
Manectric,Electric,,475,70,75,60,105,60,105,G3,FALSO
ManectricMega Manectric,Electric,,575,70,75,80,135,80,135,G3,FALSO
Plusle,Electric,,405,60,50,40,85,75,95,G3,FALSO
Minun,Electric,,405,60,40,50,75,85,95,G3,FALSO
Volbeat,Bug,,400,65,73,55,47,75,85,G3,FALSO
Illumise,Bug,,400,65,47,55,73,75,85,G3,FALSO
Roselia,Grass,Poison,400,50,60,45,100,80,65,G3,FALSO
Gulpin,Poison,,302,70,43,53,43,53,40,G3,FALSO
Swalot,Poison,,467,100,73,83,73,83,55,G3,FALSO
Carvanha,Water,Dark,305,45,90,20,65,20,65,G3,FALSO
Sharpedo,Water,Dark,460,70,120,40,95,40,95,G3,FALSO
SharpedoMega Sharpedo,Water,Dark,560,70,140,70,110,65,105,G3,FALSO
Wailmer,Water,,400,130,70,35,70,35,60,G3,FALSO
Wailord,Water,,500,170,90,45,90,45,60,G3,FALSO
Numel,Fire,Ground,305,60,60,40,65,45,35,G3,FALSO
Camerupt,Fire,Ground,460,70,100,70,105,75,40,G3,FALSO
CameruptMega Camerupt,Fire,Ground,560,70,120,100,145,105,20,G3,FALSO
Torkoal,Fire,,470,70,85,140,85,70,20,G3,FALSO
Spoink,Psychic,,330,60,25,35,70,80,60,G3,FALSO
Grumpig,Psychic,,470,80,45,65,90,110,80,G3,FALSO
Spinda,Normal,,360,60,60,60,60,60,60,G3,FALSO
Trapinch,Ground,,290,45,100,45,45,45,10,G3,FALSO
Vibrava,Ground,Dragon,340,50,70,50,50,50,70,G3,FALSO
Flygon,Ground,Dragon,520,80,100,80,80,80,100,G3,FALSO
Cacnea,Grass,,335,50,85,40,85,40,35,G3,FALSO
Cacturne,Grass,Dark,475,70,115,60,115,60,55,G3,FALSO
Swablu,Normal,Flying,310,45,40,60,40,75,50,G3,FALSO
Altaria,Dragon,Flying,490,75,70,90,70,105,80,G3,FALSO
AltariaMega Altaria,Dragon,Fairy,590,75,110,110,110,105,80,G3,FALSO
Zangoose,Normal,,458,73,115,60,60,60,90,G3,FALSO
Seviper,Poison,,458,73,100,60,100,60,65,G3,FALSO
Lunatone,Rock,Psychic,440,70,55,65,95,85,70,G3,FALSO
Solrock,Rock,Psychic,440,70,95,85,55,65,70,G3,FALSO
Barboach,Water,Ground,288,50,48,43,46,41,60,G3,FALSO
Whiscash,Water,Ground,468,110,78,73,76,71,60,G3,FALSO
Corphish,Water,,308,43,80,65,50,35,35,G3,FALSO
Crawdaunt,Water,Dark,468,63,120,85,90,55,55,G3,FALSO
Baltoy,Ground,Psychic,300,40,40,55,40,70,55,G3,FALSO
Claydol,Ground,Psychic,500,60,70,105,70,120,75,G3,FALSO
Lileep,Rock,Grass,355,66,41,77,61,87,23,G3,FALSO
Cradily,Rock,Grass,495,86,81,97,81,107,43,G3,FALSO
Anorith,Rock,Bug,355,45,95,50,40,50,75,G3,FALSO
Armaldo,Rock,Bug,495,75,125,100,70,80,45,G3,FALSO
Feebas,Water,,200,20,15,20,10,55,80,G3,FALSO
Milotic,Water,,540,95,60,79,100,125,81,G3,FALSO
Castform,Normal,,420,70,70,70,70,70,70,G3,FALSO
Kecleon,Normal,,440,60,90,70,60,120,40,G3,FALSO
Shuppet,Ghost,,295,44,75,35,63,33,45,G3,FALSO
Banette,Ghost,,455,64,115,65,83,63,65,G3,FALSO
BanetteMega Banette,Ghost,,555,64,165,75,93,83,75,G3,FALSO
Duskull,Ghost,,295,20,40,90,30,90,25,G3,FALSO
Dusclops,Ghost,,455,40,70,130,60,130,25,G3,FALSO
Tropius,Grass,Flying,460,99,68,83,72,87,51,G3,FALSO
Chimecho,Psychic,,425,65,50,70,95,80,65,G3,FALSO
Absol,Dark,,465,65,130,60,75,60,75,G3,FALSO
AbsolMega Absol,Dark,,565,65,150,60,115,60,115,G3,FALSO
Wynaut,Psychic,,260,95,23,48,23,48,23,G3,FALSO
Snorunt,Ice,,300,50,50,50,50,50,50,G3,FALSO
Glalie,Ice,,480,80,80,80,80,80,80,G3,FALSO
GlalieMega Glalie,Ice,,580,80,120,80,120,80,100,G3,FALSO
Spheal,Ice,Water,290,70,40,50,55,50,25,G3,FALSO
Sealeo,Ice,Water,410,90,60,70,75,70,45,G3,FALSO
Walrein,Ice,Water,530,110,80,90,95,90,65,G3,FALSO
Clamperl,Water,,345,35,64,85,74,55,32,G3,FALSO
Huntail,Water,,485,55,104,105,94,75,52,G3,FALSO
Gorebyss,Water,,485,55,84,105,114,75,52,G3,FALSO
Relicanth,Water,Rock,485,100,90,130,45,65,55,G3,FALSO
Luvdisc,Water,,330,43,30,55,40,65,97,G3,FALSO
Bagon,Dragon,,300,45,75,60,40,30,50,G3,FALSO
Shelgon,Dragon,,420,65,95,100,60,50,50,G3,FALSO
Salamence,Dragon,Flying,600,95,135,80,110,80,100,G3,FALSO
SalamenceMega Salamence,Dragon,Flying,700,95,145,130,120,90,120,G3,FALSO
Beldum,Steel,Psychic,300,40,55,80,35,60,30,G3,FALSO
Metang,Steel,Psychic,420,60,75,100,55,80,50,G3,FALSO
Metagross,Steel,Psychic,600,80,135,130,95,90,70,G3,FALSO
MetagrossMega Metagross,Steel,Psychic,700,80,145,150,105,110,110,G3,FALSO
Regirock,Rock,,580,80,100,200,50,100,50,G3,VERDADERO
Regice,Ice,,580,80,50,100,100,200,50,G3,VERDADERO
Registeel,Steel,,580,80,75,150,75,150,50,G3,VERDADERO
Latias,Dragon,Psychic,600,80,80,90,110,130,110,G3,VERDADERO
LatiasMega Latias,Dragon,Psychic,700,80,100,120,140,150,110,G3,VERDADERO
Latios,Dragon,Psychic,600,80,90,80,130,110,110,G3,VERDADERO
LatiosMega Latios,Dragon,Psychic,700,80,130,100,160,120,110,G3,VERDADERO
Kyogre,Water,,670,100,100,90,150,140,90,G3,VERDADERO
KyogrePrimal Kyogre,Water,,770,100,150,90,180,160,90,G3,VERDADERO
Groudon,Ground,,670,100,150,140,100,90,90,G3,VERDADERO
GroudonPrimal Groudon,Ground,Fire,770,100,180,160,150,90,90,G3,VERDADERO
Rayquaza,Dragon,Flying,680,105,150,90,150,90,95,G3,VERDADERO
RayquazaMega Rayquaza,Dragon,Flying,780,105,180,100,180,100,115,G3,VERDADERO
Jirachi,Steel,Psychic,600,100,100,100,100,100,100,G3,VERDADERO
DeoxysNormal Forme,Psychic,,600,50,150,50,150,50,150,G3,VERDADERO
DeoxysAttack Forme,Psychic,,600,50,180,20,180,20,150,G3,VERDADERO
DeoxysDefense Forme,Psychic,,600,50,70,160,70,160,90,G3,VERDADERO
DeoxysSpeed Forme,Psychic,,600,50,95,90,95,90,180,G3,VERDADERO
Turtwig,Grass,,318,55,68,64,45,55,31,G4,FALSO
Grotle,Grass,,405,75,89,85,55,65,36,G4,FALSO
Torterra,Grass,Ground,525,95,109,105,75,85,56,G4,FALSO
Chimchar,Fire,,309,44,58,44,58,44,61,G4,FALSO
Monferno,Fire,Fighting,405,64,78,52,78,52,81,G4,FALSO
Infernape,Fire,Fighting,534,76,104,71,104,71,108,G4,FALSO
Piplup,Water,,314,53,51,53,61,56,40,G4,FALSO
Prinplup,Water,,405,64,66,68,81,76,50,G4,FALSO
Empoleon,Water,Steel,530,84,86,88,111,101,60,G4,FALSO
Starly,Normal,Flying,245,40,55,30,30,30,60,G4,FALSO
Staravia,Normal,Flying,340,55,75,50,40,40,80,G4,FALSO
Staraptor,Normal,Flying,485,85,120,70,50,60,100,G4,FALSO
Bidoof,Normal,,250,59,45,40,35,40,31,G4,FALSO
Bibarel,Normal,Water,410,79,85,60,55,60,71,G4,FALSO
Kricketot,Bug,,194,37,25,41,25,41,25,G4,FALSO
Kricketune,Bug,,384,77,85,51,55,51,65,G4,FALSO
Shinx,Electric,,263,45,65,34,40,34,45,G4,FALSO
Luxio,Electric,,363,60,85,49,60,49,60,G4,FALSO
Luxray,Electric,,523,80,120,79,95,79,70,G4,FALSO
Budew,Grass,Poison,280,40,30,35,50,70,55,G4,FALSO
Roserade,Grass,Poison,515,60,70,65,125,105,90,G4,FALSO
Cranidos,Rock,,350,67,125,40,30,30,58,G4,FALSO
Rampardos,Rock,,495,97,165,60,65,50,58,G4,FALSO
Shieldon,Rock,Steel,350,30,42,118,42,88,30,G4,FALSO
Bastiodon,Rock,Steel,495,60,52,168,47,138,30,G4,FALSO
Burmy,Bug,,224,40,29,45,29,45,36,G4,FALSO
WormadamPlant Cloak,Bug,Grass,424,60,59,85,79,105,36,G4,FALSO
WormadamSandy Cloak,Bug,Ground,424,60,79,105,59,85,36,G4,FALSO
WormadamTrash Cloak,Bug,Steel,424,60,69,95,69,95,36,G4,FALSO
Mothim,Bug,Flying,424,70,94,50,94,50,66,G4,FALSO
Combee,Bug,Flying,244,30,30,42,30,42,70,G4,FALSO
Vespiquen,Bug,Flying,474,70,80,102,80,102,40,G4,FALSO
Pachirisu,Electric,,405,60,45,70,45,90,95,G4,FALSO
Buizel,Water,,330,55,65,35,60,30,85,G4,FALSO
Floatzel,Water,,495,85,105,55,85,50,115,G4,FALSO
Cherubi,Grass,,275,45,35,45,62,53,35,G4,FALSO
Cherrim,Grass,,450,70,60,70,87,78,85,G4,FALSO
Shellos,Water,,325,76,48,48,57,62,34,G4,FALSO
Gastrodon,Water,Ground,475,111,83,68,92,82,39,G4,FALSO
Ambipom,Normal,,482,75,100,66,60,66,115,G4,FALSO
Drifloon,Ghost,Flying,348,90,50,34,60,44,70,G4,FALSO
Drifblim,Ghost,Flying,498,150,80,44,90,54,80,G4,FALSO
Buneary,Normal,,350,55,66,44,44,56,85,G4,FALSO
Lopunny,Normal,,480,65,76,84,54,96,105,G4,FALSO
LopunnyMega Lopunny,Normal,Fighting,580,65,136,94,54,96,135,G4,FALSO
Mismagius,Ghost,,495,60,60,60,105,105,105,G4,FALSO
Honchkrow,Dark,Flying,505,100,125,52,105,52,71,G4,FALSO
Glameow,Normal,,310,49,55,42,42,37,85,G4,FALSO
Purugly,Normal,,452,71,82,64,64,59,112,G4,FALSO
Chingling,Psychic,,285,45,30,50,65,50,45,G4,FALSO
Stunky,Poison,Dark,329,63,63,47,41,41,74,G4,FALSO
Skuntank,Poison,Dark,479,103,93,67,71,61,84,G4,FALSO
Bronzor,Steel,Psychic,300,57,24,86,24,86,23,G4,FALSO
Bronzong,Steel,Psychic,500,67,89,116,79,116,33,G4,FALSO
Bonsly,Rock,,290,50,80,95,10,45,10,G4,FALSO
Mime Jr.,Psychic,Fairy,310,20,25,45,70,90,60,G4,FALSO
Happiny,Normal,,220,100,5,5,15,65,30,G4,FALSO
Chatot,Normal,Flying,411,76,65,45,92,42,91,G4,FALSO
Spiritomb,Ghost,Dark,485,50,92,108,92,108,35,G4,FALSO
Gible,Dragon,Ground,300,58,70,45,40,45,42,G4,FALSO
Gabite,Dragon,Ground,410,68,90,65,50,55,82,G4,FALSO
Garchomp,Dragon,Ground,600,108,130,95,80,85,102,G4,FALSO
GarchompMega Garchomp,Dragon,Ground,700,108,170,115,120,95,92,G4,FALSO
Munchlax,Normal,,390,135,85,40,40,85,5,G4,FALSO
Riolu,Fighting,,285,40,70,40,35,40,60,G4,FALSO
Lucario,Fighting,Steel,525,70,110,70,115,70,90,G4,FALSO
LucarioMega Lucario,Fighting,Steel,625,70,145,88,140,70,112,G4,FALSO
Hippopotas,Ground,,330,68,72,78,38,42,32,G4,FALSO
Hippowdon,Ground,,525,108,112,118,68,72,47,G4,FALSO
Skorupi,Poison,Bug,330,40,50,90,30,55,65,G4,FALSO
Drapion,Poison,Dark,500,70,90,110,60,75,95,G4,FALSO
Croagunk,Poison,Fighting,300,48,61,40,61,40,50,G4,FALSO
Toxicroak,Poison,Fighting,490,83,106,65,86,65,85,G4,FALSO
Carnivine,Grass,,454,74,100,72,90,72,46,G4,FALSO
Finneon,Water,,330,49,49,56,49,61,66,G4,FALSO
Lumineon,Water,,460,69,69,76,69,86,91,G4,FALSO
Mantyke,Water,Flying,345,45,20,50,60,120,50,G4,FALSO
Snover,Grass,Ice,334,60,62,50,62,60,40,G4,FALSO
Abomasnow,Grass,Ice,494,90,92,75,92,85,60,G4,FALSO
AbomasnowMega Abomasnow,Grass,Ice,594,90,132,105,132,105,30,G4,FALSO
Weavile,Dark,Ice,510,70,120,65,45,85,125,G4,FALSO
Magnezone,Electric,Steel,535,70,70,115,130,90,60,G4,FALSO
Lickilicky,Normal,,515,110,85,95,80,95,50,G4,FALSO
Rhyperior,Ground,Rock,535,115,140,130,55,55,40,G4,FALSO
Tangrowth,Grass,,535,100,100,125,110,50,50,G4,FALSO
Electivire,Electric,,540,75,123,67,95,85,95,G4,FALSO
Magmortar,Fire,,540,75,95,67,125,95,83,G4,FALSO
Togekiss,Fairy,Flying,545,85,50,95,120,115,80,G4,FALSO
Yanmega,Bug,Flying,515,86,76,86,116,56,95,G4,FALSO
Leafeon,Grass,,525,65,110,130,60,65,95,G4,FALSO
Glaceon,Ice,,525,65,60,110,130,95,65,G4,FALSO
Gliscor,Ground,Flying,510,75,95,125,45,75,95,G4,FALSO
Mamoswine,Ice,Ground,530,110,130,80,70,60,80,G4,FALSO
Porygon-Z,Normal,,535,85,80,70,135,75,90,G4,FALSO
Gallade,Psychic,Fighting,518,68,125,65,65,115,80,G4,FALSO
GalladeMega Gallade,Psychic,Fighting,618,68,165,95,65,115,110,G4,FALSO
Probopass,Rock,Steel,525,60,55,145,75,150,40,G4,FALSO
Dusknoir,Ghost,,525,45,100,135,65,135,45,G4,FALSO
Froslass,Ice,Ghost,480,70,80,70,80,70,110,G4,FALSO
Rotom,Electric,Ghost,440,50,50,77,95,77,91,G4,FALSO
RotomHeat Rotom,Electric,Fire,520,50,65,107,105,107,86,G4,FALSO
RotomWash Rotom,Electric,Water,520,50,65,107,105,107,86,G4,FALSO
RotomFrost Rotom,Electric,Ice,520,50,65,107,105,107,86,G4,FALSO
RotomFan Rotom,Electric,Flying,520,50,65,107,105,107,86,G4,FALSO
RotomMow Rotom,Electric,Grass,520,50,65,107,105,107,86,G4,FALSO
Uxie,Psychic,,580,75,75,130,75,130,95,G4,VERDADERO
Mesprit,Psychic,,580,80,105,105,105,105,80,G4,VERDADERO
Azelf,Psychic,,580,75,125,70,125,70,115,G4,VERDADERO
Dialga,Steel,Dragon,680,100,120,120,150,100,90,G4,VERDADERO
Palkia,Water,Dragon,680,90,120,100,150,120,100,G4,VERDADERO
Heatran,Fire,Steel,600,91,90,106,130,106,77,G4,VERDADERO
Regigigas,Normal,,670,110,160,110,80,110,100,G4,VERDADERO
GiratinaAltered Forme,Ghost,Dragon,680,150,100,120,100,120,90,G4,VERDADERO
GiratinaOrigin Forme,Ghost,Dragon,680,150,120,100,120,100,90,G4,VERDADERO
Cresselia,Psychic,,600,120,70,120,75,130,85,G4,FALSO
Phione,Water,,480,80,80,80,80,80,80,G4,FALSO
Manaphy,Water,,600,100,100,100,100,100,100,G4,FALSO
Darkrai,Dark,,600,70,90,90,135,90,125,G4,VERDADERO
ShayminLand Forme,Grass,,600,100,100,100,100,100,100,G4,VERDADERO
ShayminSky Forme,Grass,Flying,600,100,103,75,120,75,127,G4,VERDADERO
Arceus,Normal,,720,120,120,120,120,120,120,G4,VERDADERO
Victini,Psychic,Fire,600,100,100,100,100,100,100,G5,VERDADERO
Snivy,Grass,,308,45,45,55,45,55,63,G5,FALSO
Servine,Grass,,413,60,60,75,60,75,83,G5,FALSO
Serperior,Grass,,528,75,75,95,75,95,113,G5,FALSO
Tepig,Fire,,308,65,63,45,45,45,45,G5,FALSO
Pignite,Fire,Fighting,418,90,93,55,70,55,55,G5,FALSO
Emboar,Fire,Fighting,528,110,123,65,100,65,65,G5,FALSO
Oshawott,Water,,308,55,55,45,63,45,45,G5,FALSO
Dewott,Water,,413,75,75,60,83,60,60,G5,FALSO
Samurott,Water,,528,95,100,85,108,70,70,G5,FALSO
Patrat,Normal,,255,45,55,39,35,39,42,G5,FALSO
Watchog,Normal,,420,60,85,69,60,69,77,G5,FALSO
Lillipup,Normal,,275,45,60,45,25,45,55,G5,FALSO
Herdier,Normal,,370,65,80,65,35,65,60,G5,FALSO
Stoutland,Normal,,500,85,110,90,45,90,80,G5,FALSO
Purrloin,Dark,,281,41,50,37,50,37,66,G5,FALSO
Liepard,Dark,,446,64,88,50,88,50,106,G5,FALSO
Pansage,Grass,,316,50,53,48,53,48,64,G5,FALSO
Simisage,Grass,,498,75,98,63,98,63,101,G5,FALSO
Pansear,Fire,,316,50,53,48,53,48,64,G5,FALSO
Simisear,Fire,,498,75,98,63,98,63,101,G5,FALSO
Panpour,Water,,316,50,53,48,53,48,64,G5,FALSO
Simipour,Water,,498,75,98,63,98,63,101,G5,FALSO
Munna,Psychic,,292,76,25,45,67,55,24,G5,FALSO
Musharna,Psychic,,487,116,55,85,107,95,29,G5,FALSO
Pidove,Normal,Flying,264,50,55,50,36,30,43,G5,FALSO
Tranquill,Normal,Flying,358,62,77,62,50,42,65,G5,FALSO
Unfezant,Normal,Flying,488,80,115,80,65,55,93,G5,FALSO
Blitzle,Electric,,295,45,60,32,50,32,76,G5,FALSO
Zebstrika,Electric,,497,75,100,63,80,63,116,G5,FALSO
Roggenrola,Rock,,280,55,75,85,25,25,15,G5,FALSO
Boldore,Rock,,390,70,105,105,50,40,20,G5,FALSO
Gigalith,Rock,,515,85,135,130,60,80,25,G5,FALSO
Woobat,Psychic,Flying,313,55,45,43,55,43,72,G5,FALSO
Swoobat,Psychic,Flying,425,67,57,55,77,55,114,G5,FALSO
Drilbur,Ground,,328,60,85,40,30,45,68,G5,FALSO
Excadrill,Ground,Steel,508,110,135,60,50,65,88,G5,FALSO
Audino,Normal,,445,103,60,86,60,86,50,G5,FALSO
AudinoMega Audino,Normal,Fairy,545,103,60,126,80,126,50,G5,FALSO
Timburr,Fighting,,305,75,80,55,25,35,35,G5,FALSO
Gurdurr,Fighting,,405,85,105,85,40,50,40,G5,FALSO
Conkeldurr,Fighting,,505,105,140,95,55,65,45,G5,FALSO
Tympole,Water,,294,50,50,40,50,40,64,G5,FALSO
Palpitoad,Water,Ground,384,75,65,55,65,55,69,G5,FALSO
Seismitoad,Water,Ground,509,105,95,75,85,75,74,G5,FALSO
Throh,Fighting,,465,120,100,85,30,85,45,G5,FALSO
Sawk,Fighting,,465,75,125,75,30,75,85,G5,FALSO
Sewaddle,Bug,Grass,310,45,53,70,40,60,42,G5,FALSO
Swadloon,Bug,Grass,380,55,63,90,50,80,42,G5,FALSO
Leavanny,Bug,Grass,500,75,103,80,70,80,92,G5,FALSO
Venipede,Bug,Poison,260,30,45,59,30,39,57,G5,FALSO
Whirlipede,Bug,Poison,360,40,55,99,40,79,47,G5,FALSO
Scolipede,Bug,Poison,485,60,100,89,55,69,112,G5,FALSO
Cottonee,Grass,Fairy,280,40,27,60,37,50,66,G5,FALSO
Whimsicott,Grass,Fairy,480,60,67,85,77,75,116,G5,FALSO
Petilil,Grass,,280,45,35,50,70,50,30,G5,FALSO
Lilligant,Grass,,480,70,60,75,110,75,90,G5,FALSO
Basculin,Water,,460,70,92,65,80,55,98,G5,FALSO
Sandile,Ground,Dark,292,50,72,35,35,35,65,G5,FALSO
Krokorok,Ground,Dark,351,60,82,45,45,45,74,G5,FALSO
Krookodile,Ground,Dark,519,95,117,80,65,70,92,G5,FALSO
Darumaka,Fire,,315,70,90,45,15,45,50,G5,FALSO
DarmanitanStandard Mode,Fire,,480,105,140,55,30,55,95,G5,FALSO
DarmanitanZen Mode,Fire,Psychic,540,105,30,105,140,105,55,G5,FALSO
Maractus,Grass,,461,75,86,67,106,67,60,G5,FALSO
Dwebble,Bug,Rock,325,50,65,85,35,35,55,G5,FALSO
Crustle,Bug,Rock,475,70,95,125,65,75,45,G5,FALSO
Scraggy,Dark,Fighting,348,50,75,70,35,70,48,G5,FALSO
Scrafty,Dark,Fighting,488,65,90,115,45,115,58,G5,FALSO
Sigilyph,Psychic,Flying,490,72,58,80,103,80,97,G5,FALSO
Yamask,Ghost,,303,38,30,85,55,65,30,G5,FALSO
Cofagrigus,Ghost,,483,58,50,145,95,105,30,G5,FALSO
Tirtouga,Water,Rock,355,54,78,103,53,45,22,G5,FALSO
Carracosta,Water,Rock,495,74,108,133,83,65,32,G5,FALSO
Archen,Rock,Flying,401,55,112,45,74,45,70,G5,FALSO
Archeops,Rock,Flying,567,75,140,65,112,65,110,G5,FALSO
Trubbish,Poison,,329,50,50,62,40,62,65,G5,FALSO
Garbodor,Poison,,474,80,95,82,60,82,75,G5,FALSO
Zorua,Dark,,330,40,65,40,80,40,65,G5,FALSO
Zoroark,Dark,,510,60,105,60,120,60,105,G5,FALSO
Minccino,Normal,,300,55,50,40,40,40,75,G5,FALSO
Cinccino,Normal,,470,75,95,60,65,60,115,G5,FALSO
Gothita,Psychic,,290,45,30,50,55,65,45,G5,FALSO
Gothorita,Psychic,,390,60,45,70,75,85,55,G5,FALSO
Gothitelle,Psychic,,490,70,55,95,95,110,65,G5,FALSO
Solosis,Psychic,,290,45,30,40,105,50,20,G5,FALSO
Duosion,Psychic,,370,65,40,50,125,60,30,G5,FALSO
Reuniclus,Psychic,,490,110,65,75,125,85,30,G5,FALSO
Ducklett,Water,Flying,305,62,44,50,44,50,55,G5,FALSO
Swanna,Water,Flying,473,75,87,63,87,63,98,G5,FALSO
Vanillite,Ice,,305,36,50,50,65,60,44,G5,FALSO
Vanillish,Ice,,395,51,65,65,80,75,59,G5,FALSO
Vanilluxe,Ice,,535,71,95,85,110,95,79,G5,FALSO
Deerling,Normal,Grass,335,60,60,50,40,50,75,G5,FALSO
Sawsbuck,Normal,Grass,475,80,100,70,60,70,95,G5,FALSO
Emolga,Electric,Flying,428,55,75,60,75,60,103,G5,FALSO
Karrablast,Bug,,315,50,75,45,40,45,60,G5,FALSO
Escavalier,Bug,Steel,495,70,135,105,60,105,20,G5,FALSO
Foongus,Grass,Poison,294,69,55,45,55,55,15,G5,FALSO
Amoonguss,Grass,Poison,464,114,85,70,85,80,30,G5,FALSO
Frillish,Water,Ghost,335,55,40,50,65,85,40,G5,FALSO
Jellicent,Water,Ghost,480,100,60,70,85,105,60,G5,FALSO
Alomomola,Water,,470,165,75,80,40,45,65,G5,FALSO
Joltik,Bug,Electric,319,50,47,50,57,50,65,G5,FALSO
Galvantula,Bug,Electric,472,70,77,60,97,60,108,G5,FALSO
Ferroseed,Grass,Steel,305,44,50,91,24,86,10,G5,FALSO
Ferrothorn,Grass,Steel,489,74,94,131,54,116,20,G5,FALSO
Klink,Steel,,300,40,55,70,45,60,30,G5,FALSO
Klang,Steel,,440,60,80,95,70,85,50,G5,FALSO
Klinklang,Steel,,520,60,100,115,70,85,90,G5,FALSO
Tynamo,Electric,,275,35,55,40,45,40,60,G5,FALSO
Eelektrik,Electric,,405,65,85,70,75,70,40,G5,FALSO
Eelektross,Electric,,515,85,115,80,105,80,50,G5,FALSO
Elgyem,Psychic,,335,55,55,55,85,55,30,G5,FALSO
Beheeyem,Psychic,,485,75,75,75,125,95,40,G5,FALSO
Litwick,Ghost,Fire,275,50,30,55,65,55,20,G5,FALSO
Lampent,Ghost,Fire,370,60,40,60,95,60,55,G5,FALSO
Chandelure,Ghost,Fire,520,60,55,90,145,90,80,G5,FALSO
Axew,Dragon,,320,46,87,60,30,40,57,G5,FALSO
Fraxure,Dragon,,410,66,117,70,40,50,67,G5,FALSO
Haxorus,Dragon,,540,76,147,90,60,70,97,G5,FALSO
Cubchoo,Ice,,305,55,70,40,60,40,40,G5,FALSO
Beartic,Ice,,485,95,110,80,70,80,50,G5,FALSO
Cryogonal,Ice,,485,70,50,30,95,135,105,G5,FALSO
Shelmet,Bug,,305,50,40,85,40,65,25,G5,FALSO
Accelgor,Bug,,495,80,70,40,100,60,145,G5,FALSO
Stunfisk,Ground,Electric,471,109,66,84,81,99,32,G5,FALSO
Mienfoo,Fighting,,350,45,85,50,55,50,65,G5,FALSO
Mienshao,Fighting,,510,65,125,60,95,60,105,G5,FALSO
Druddigon,Dragon,,485,77,120,90,60,90,48,G5,FALSO
Golett,Ground,Ghost,303,59,74,50,35,50,35,G5,FALSO
Golurk,Ground,Ghost,483,89,124,80,55,80,55,G5,FALSO
Pawniard,Dark,Steel,340,45,85,70,40,40,60,G5,FALSO
Bisharp,Dark,Steel,490,65,125,100,60,70,70,G5,FALSO
Bouffalant,Normal,,490,95,110,95,40,95,55,G5,FALSO
Rufflet,Normal,Flying,350,70,83,50,37,50,60,G5,FALSO
Braviary,Normal,Flying,510,100,123,75,57,75,80,G5,FALSO
Vullaby,Dark,Flying,370,70,55,75,45,65,60,G5,FALSO
Mandibuzz,Dark,Flying,510,110,65,105,55,95,80,G5,FALSO
Heatmor,Fire,,484,85,97,66,105,66,65,G5,FALSO
Durant,Bug,Steel,484,58,109,112,48,48,109,G5,FALSO
Deino,Dark,Dragon,300,52,65,50,45,50,38,G5,FALSO
Zweilous,Dark,Dragon,420,72,85,70,65,70,58,G5,FALSO
Hydreigon,Dark,Dragon,600,92,105,90,125,90,98,G5,FALSO
Larvesta,Bug,Fire,360,55,85,55,50,55,60,G5,FALSO
Volcarona,Bug,Fire,550,85,60,65,135,105,100,G5,FALSO
Cobalion,Steel,Fighting,580,91,90,129,90,72,108,G5,VERDADERO
Terrakion,Rock,Fighting,580,91,129,90,72,90,108,G5,VERDADERO
Virizion,Grass,Fighting,580,91,90,72,90,129,108,G5,VERDADERO
TornadusIncarnate Forme,Flying,,580,79,115,70,125,80,111,G5,VERDADERO
TornadusTherian Forme,Flying,,580,79,100,80,110,90,121,G5,VERDADERO
ThundurusIncarnate Forme,Electric,Flying,580,79,115,70,125,80,111,G5,VERDADERO
ThundurusTherian Forme,Electric,Flying,580,79,105,70,145,80,101,G5,VERDADERO
Reshiram,Dragon,Fire,680,100,120,100,150,120,90,G5,VERDADERO
Zekrom,Dragon,Electric,680,100,150,120,120,100,90,G5,VERDADERO
LandorusIncarnate Forme,Ground,Flying,600,89,125,90,115,80,101,G5,VERDADERO
LandorusTherian Forme,Ground,Flying,600,89,145,90,105,80,91,G5,VERDADERO
Kyurem,Dragon,Ice,660,125,130,90,130,90,95,G5,VERDADERO
KyuremBlack Kyurem,Dragon,Ice,700,125,170,100,120,90,95,G5,VERDADERO
KyuremWhite Kyurem,Dragon,Ice,700,125,120,90,170,100,95,G5,VERDADERO
KeldeoOrdinary Forme,Water,Fighting,580,91,72,90,129,90,108,G5,FALSO
KeldeoResolute Forme,Water,Fighting,580,91,72,90,129,90,108,G5,FALSO
MeloettaAria Forme,Normal,Psychic,600,100,77,77,128,128,90,G5,FALSO
MeloettaPirouette Forme,Normal,Fighting,600,100,128,90,77,77,128,G5,FALSO
Genesect,Bug,Steel,600,71,120,95,120,95,99,G5,FALSO
Chespin,Grass,,313,56,61,65,48,45,38,G6,FALSO
Quilladin,Grass,,405,61,78,95,56,58,57,G6,FALSO
Chesnaught,Grass,Fighting,530,88,107,122,74,75,64,G6,FALSO
Fennekin,Fire,,307,40,45,40,62,60,60,G6,FALSO
Braixen,Fire,,409,59,59,58,90,70,73,G6,FALSO
Delphox,Fire,Psychic,534,75,69,72,114,100,104,G6,FALSO
Froakie,Water,,314,41,56,40,62,44,71,G6,FALSO
Frogadier,Water,,405,54,63,52,83,56,97,G6,FALSO
Greninja,Water,Dark,530,72,95,67,103,71,122,G6,FALSO
Bunnelby,Normal,,237,38,36,38,32,36,57,G6,FALSO
Diggersby,Normal,Ground,423,85,56,77,50,77,78,G6,FALSO
Fletchling,Normal,Flying,278,45,50,43,40,38,62,G6,FALSO
Fletchinder,Fire,Flying,382,62,73,55,56,52,84,G6,FALSO
Talonflame,Fire,Flying,499,78,81,71,74,69,126,G6,FALSO
Scatterbug,Bug,,200,38,35,40,27,25,35,G6,FALSO
Spewpa,Bug,,213,45,22,60,27,30,29,G6,FALSO
Vivillon,Bug,Flying,411,80,52,50,90,50,89,G6,FALSO
Litleo,Fire,Normal,369,62,50,58,73,54,72,G6,FALSO
Pyroar,Fire,Normal,507,86,68,72,109,66,106,G6,FALSO
Flabébé,Fairy,,303,44,38,39,61,79,42,G6,FALSO
Floette,Fairy,,371,54,45,47,75,98,52,G6,FALSO
Florges,Fairy,,552,78,65,68,112,154,75,G6,FALSO
Skiddo,Grass,,350,66,65,48,62,57,52,G6,FALSO
Gogoat,Grass,,531,123,100,62,97,81,68,G6,FALSO
Pancham,Fighting,,348,67,82,62,46,48,43,G6,FALSO
Pangoro,Fighting,Dark,495,95,124,78,69,71,58,G6,FALSO
Furfrou,Normal,,472,75,80,60,65,90,102,G6,FALSO
Espurr,Psychic,,355,62,48,54,63,60,68,G6,FALSO
MeowsticMale,Psychic,,466,74,48,76,83,81,104,G6,FALSO
MeowsticFemale,Psychic,,466,74,48,76,83,81,104,G6,FALSO
Honedge,Steel,Ghost,325,45,80,100,35,37,28,G6,FALSO
Doublade,Steel,Ghost,448,59,110,150,45,49,35,G6,FALSO
AegislashBlade Forme,Steel,Ghost,520,60,150,50,150,50,60,G6,FALSO
AegislashShield Forme,Steel,Ghost,520,60,50,150,50,150,60,G6,FALSO
Spritzee,Fairy,,341,78,52,60,63,65,23,G6,FALSO
Aromatisse,Fairy,,462,101,72,72,99,89,29,G6,FALSO
Swirlix,Fairy,,341,62,48,66,59,57,49,G6,FALSO
Slurpuff,Fairy,,480,82,80,86,85,75,72,G6,FALSO
Inkay,Dark,Psychic,288,53,54,53,37,46,45,G6,FALSO
Malamar,Dark,Psychic,482,86,92,88,68,75,73,G6,FALSO
Binacle,Rock,Water,306,42,52,67,39,56,50,G6,FALSO
Barbaracle,Rock,Water,500,72,105,115,54,86,68,G6,FALSO
Skrelp,Poison,Water,320,50,60,60,60,60,30,G6,FALSO
Dragalge,Poison,Dragon,494,65,75,90,97,123,44,G6,FALSO
Clauncher,Water,,330,50,53,62,58,63,44,G6,FALSO
Clawitzer,Water,,500,71,73,88,120,89,59,G6,FALSO
Helioptile,Electric,Normal,289,44,38,33,61,43,70,G6,FALSO
Heliolisk,Electric,Normal,481,62,55,52,109,94,109,G6,FALSO
Tyrunt,Rock,Dragon,362,58,89,77,45,45,48,G6,FALSO
Tyrantrum,Rock,Dragon,521,82,121,119,69,59,71,G6,FALSO
Amaura,Rock,Ice,362,77,59,50,67,63,46,G6,FALSO
Aurorus,Rock,Ice,521,123,77,72,99,92,58,G6,FALSO
Sylveon,Fairy,,525,95,65,65,110,130,60,G6,FALSO
Hawlucha,Fighting,Flying,500,78,92,75,74,63,118,G6,FALSO
Dedenne,Electric,Fairy,431,67,58,57,81,67,101,G6,FALSO
Carbink,Rock,Fairy,500,50,50,150,50,150,50,G6,FALSO
Goomy,Dragon,,300,45,50,35,55,75,40,G6,FALSO
Sliggoo,Dragon,,452,68,75,53,83,113,60,G6,FALSO
Goodra,Dragon,,600,90,100,70,110,150,80,G6,FALSO
Klefki,Steel,Fairy,470,57,80,91,80,87,75,G6,FALSO
Phantump,Ghost,Grass,309,43,70,48,50,60,38,G6,FALSO
Trevenant,Ghost,Grass,474,85,110,76,65,82,56,G6,FALSO
PumpkabooAverage Size,Ghost,Grass,335,49,66,70,44,55,51,G6,FALSO
PumpkabooSmall Size,Ghost,Grass,335,44,66,70,44,55,56,G6,FALSO
PumpkabooLarge Size,Ghost,Grass,335,54,66,70,44,55,46,G6,FALSO
PumpkabooSuper Size,Ghost,Grass,335,59,66,70,44,55,41,G6,FALSO
GourgeistAverage Size,Ghost,Grass,494,65,90,122,58,75,84,G6,FALSO
GourgeistSmall Size,Ghost,Grass,494,55,85,122,58,75,99,G6,FALSO
GourgeistLarge Size,Ghost,Grass,494,75,95,122,58,75,69,G6,FALSO
GourgeistSuper Size,Ghost,Grass,494,85,100,122,58,75,54,G6,FALSO
Bergmite,Ice,,304,55,69,85,32,35,28,G6,FALSO
Avalugg,Ice,,514,95,117,184,44,46,28,G6,FALSO
Noibat,Flying,Dragon,245,40,30,35,45,40,55,G6,FALSO
Noivern,Flying,Dragon,535,85,70,80,97,80,123,G6,FALSO
Xerneas,Fairy,,680,126,131,95,131,98,99,G6,VERDADERO
Yveltal,Dark,Flying,680,126,131,95,131,98,99,G6,VERDADERO
Zygarde50% Forme,Dragon,Ground,600,108,100,121,81,95,95,G6,VERDADERO
Diancie,Rock,Fairy,600,50,100,150,100,150,50,G6,VERDADERO
DiancieMega Diancie,Rock,Fairy,700,50,160,110,160,110,110,G6,VERDADERO
HoopaHoopa Confined,Psychic,Ghost,600,80,110,60,150,130,70,G6,VERDADERO
HoopaHoopa Unbound,Psychic,Dark,680,80,160,60,170,130,80,G6,VERDADERO
Volcanion,Fire,Water,600,80,110,120,130,90,70,G6,VERDADERO
